Mercury_417466,A
Mercury_7081673,A
Mercury_7239733,B
NYSEDREGENTS_2015_4_8,B
Mercury_7037258,B
CSZ20679,D
Mercury_182158,A
Mercury_7216668,D
MCAS_2001_5_19,C
Mercury_SC_413631,A
MCAS_2005_5_10,B
Mercury_7166145,B
MSA_2013_5_6,B
Mercury_SC_405199,B
NYSEDREGENTS_2015_8_28,4
Mercury_SC_401777,B
Mercury_7198188,D
MCAS_1998_4_11,D
Mercury_SC_LBS10784,D
Mercury_7033548,A
Mercury_7146195,C
NCEOGA_2013_8_36,D
Mercury_SC_415412,B
Mercury_7126840,C
Mercury_SC_408362,D
MDSA_2008_8_35,C
NYSEDREGENTS_2015_8_21,4
VASoL_2008_5_12,B
Mercury_SC_LBS10680,B
MCAS_2003_5_3,B
VASoL_2010_5_18,A
Mercury_7074900,D
Mercury_SC_408762,A
ACTAAP_2015_5_8,A
Mercury_7263008,C
MCAS_2000_4_29,C
CSZ_2008_5_CSZ10233,C
Mercury_7128660,C
Mercury_7100520,C
Mercury_7017728,B
Mercury_7032865,A
Mercury_405057,B
Mercury_7057593,A
Mercury_SC_405231,D
VASoL_2007_5_38,A
Mercury_SC_410895,D
Mercury_7015978,D
ACTAAP_2010_5_5,C
Mercury_7080955,A
ACTAAP_2009_5_4,D
Mercury_7017010,D
Mercury_7146108,D
NYSEDREGENTS_2012_4_12,C
VASoL_2009_5_3,A
Mercury_SC_401253,C
Mercury_7235953,B
Mercury_403974,D
Mercury_7241063,A
MCAS_2010_8_12015,B
Mercury_7168350,A
Mercury_SC_402980,A
Mercury_417126,D
NYSEDREGENTS_2010_8_2,4
NYSEDREGENTS_2010_8_13,2
Mercury_177223,C
Mercury_7200533,B
Mercury_SC_400707,C
Mercury_SC_400380,A
Mercury_7205590,A
NYSEDREGENTS_2015_4_30,B
NYSEDREGENTS_2012_4_17,A
VASoL_2008_3_5,D
Mercury_SC_415390,B
Mercury_SC_408436,B
Mercury_SC_401143,A
LEAP_2005_8_10403,D
Mercury_7108045,B
Mercury_SC_402251,B
Mercury_7071418,B
Mercury_SC_407370,D
Mercury_7084595,D
Mercury_7041335,D
Mercury_7236320,A
LEAP__5_10308,D
Mercury_7068425,B
Mercury_SC_401308,A
NYSEDREGENTS_2008_4_18,A
Mercury_7165550,A
Mercury_7114923,A
Mercury_SC_408434,A
Mercury_7008453,D
NYSEDREGENTS_2010_8_14,3
NYSEDREGENTS_2015_8_24,3
Mercury_400279,B
Mercury_7092190,A
Mercury_7113890,C
TAKS_2009_8_17,C
AKDE&ED_2008_4_3,B
Mercury_7202353,C
MCAS_2006_9_14,D
MSA_2015_5_37,D
MDSA_2010_8_22,C
MCAS_1999_4_4,A
Mercury_7247923,B
Mercury_SC_416124,C
Mercury_407530,A
Mercury_7271740,C
Mercury_7026495,C
Mercury_7084315,C
TIMSS_2011_4_pg51,B
Mercury_7081148,B
Mercury_SC_400040,B
ACTAAP_2010_7_10,D
ACTAAP_2013_7_4,C
Mercury_SC_405444,B
Mercury_7213675,A
MEA_2010_8_15-v1,B
Mercury_7094675,A
Mercury_403912,B
Mercury_7009853,B
Mercury_SC_LBS10020,C
MEA_2013_8_2,B
Mercury_7068688,C
Mercury_7271705,B
Mercury_402456,C
NCEOGA_2013_8_6,B
Mercury_7230178,C
Mercury_7215233,A
Mercury_SC_415535,C
CSZ_2008_8_29,B
MSA_2012_5_28,A
MCAS_2010_8_12008,C
Mercury_SC_406724,B
TIMSS_2007_8_pg33,B
Mercury_7004988,D
Mercury_SC_LBS10946,B
TAKS_2009_8_39,D
Mercury_SC_408357,B
Mercury_178710,B
Mercury_410598,D
TIMSS_2011_4_pg15,D
Mercury_7217088,B
Mercury_7143360,B
MCAS_2012_8_23645,A
LEAP__4_10228,D
MSA_2012_8_29,A
Mercury_SC_401774,C
TIMSS_2003_4_pg14,B
ACTAAP_2008_7_13,A
Mercury_SC_416096,B
NYSEDREGENTS_2013_8_12,3
Mercury_7222845,B
Mercury_SC_401166,A
LEAP_2005_4_10267,B
ACTAAP_2007_7_18,D
Mercury_7188370,C
MSA_2013_5_5,A
MCAS_2005_5_8,B
Mercury_184888,B
Mercury_7044188,D
Mercury_7056875,B
Mercury_SC_400868,C
Mercury_SC_409142,A
Mercury_SC_408900,C
Mercury_SC_401624,B
Mercury_7188965,B
NCEOGA_2013_8_32,A
Mercury_7008208,A
Mercury_7092400,B
Mercury_417462,A
Mercury_SC_401211,B
Mercury_178605,A
Mercury_SC_400364,C
NYSEDREGENTS_2008_8_15,3
ACTAAP_2015_5_7,C
Mercury_7180618,C
Mercury_415262,B
Mercury_7200200,C
MDSA_2008_8_24,D
Mercury_185238,C
MCAS_2015_8_6,B
Mercury_7015663,A
Mercury_SC_LBS10174,A
Mercury_7024780,C
Mercury_SC_404975,D
Mercury_7098928,B
Mercury_416501,B
Mercury_SC_406012,B
Mercury_SC_407192,A
Mercury_7239890,A
Mercury_7282135,C
Mercury_184328,B
ACTAAP_2007_7_22,B
MDSA_2010_8_43,B
Mercury_7044520,B
Mercury_SC_400518,C
Mercury_7205573,C
Mercury_7222863,A
NYSEDREGENTS_2015_4_19,C
Mercury_7121905,A
LEAP__4_10226,A
Mercury_7210018,D
ACTAAP_2013_7_13,D
MCAS_2014_8_11,B
OHAT_2007_5_12,B
MCAS_2000_4_24,C
MCAS_1999_8_31,D
Mercury_7212853,B
Mercury_400808,C
Mercury_404895,B
MCAS_2000_8_19,C
Mercury_415684,C
Mercury_7068705,D
MCAS_2011_5_17668,A
Mercury_402332,C
Mercury_SC_400601,A
VASoL_2009_5_27,B
Mercury_7180705,B
Mercury_SC_406153,B
Mercury_SC_408919,D
Mercury_7024745,C
MDSA_2008_5_6,C
Mercury_7090930,D
Mercury_7033373,A
Mercury_SC_405219,D
Mercury_SC_402238,B
Mercury_7215863,D
Mercury_7041300,C
Mercury_7190050,A
MCAS_1999_4_10,A
Mercury_7222320,D
MCAS_2006_8_25,B
Mercury_7206605,C
Mercury_SC_408336,B
Mercury_416579,C
Mercury_7001575,D
Mercury_SC_416142,D
MCAS_1998_8_19,C
Mercury_SC_400187,D
TIMSS_2011_8_pg74,B
Mercury_7013458,D
CSZ30768,D
MCAS_2004_9_10,A
AIMS_2009_4_25,C
Mercury_7221498,D
Mercury_7170853,B
Mercury_7109690,B
Mercury_SC_400525,A
Mercury_SC_LBS10616,A
MCAS_2000_4_21,C
MCAS_1999_8_9,D
Mercury_415265,D
AKDE&ED_2008_8_20,C
Mercury_415545,D
AIMS_2008_4_6,C
TIMSS_1995_8_L7,D
Mercury_SC_401161,D
Mercury_7086765,A
Mercury_183768,B
TAKS_2009_5_6,A
Mercury_7222775,B
VASoL_2008_5_20,B
MEA_2010_8_9-v1,D
Mercury_7268030,A
NYSEDREGENTS_2012_8_5,4
Mercury_7239138,C
Mercury_SC_400662,C
Mercury_414097,A
Mercury_7083598,B
MSA_2012_8_36,C
VASoL_2011_5_36,D
VASoL_2010_3_13,A
Mercury_405141,B
Mercury_7026968,B
Mercury_7234395,B
Mercury_402535,B
MDSA_2011_8_2,D
Mercury_7086783,B
Mercury_SC_405164,C
Mercury_7018340,A
Mercury_7240923,B
Mercury_SC_401122,C
Mercury_7080465,A
ACTAAP_2014_7_4,A
Mercury_7267540,B
Mercury_SC_406684,D
Mercury_SC_401771,D
Mercury_7228690,D
Mercury_7216720,C
Mercury_7057785,D
Mercury_7236495,D
NYSEDREGENTS_2013_8_9,1
MCAS_2000_8_24,D
Mercury_SC_400298,A
Mercury_7026425,C
MCAS_2006_9_13-v1,A
Mercury_SC_402084,A
Mercury_405595,D
MDSA_2013_8_2,C
Mercury_7213868,A
Mercury_416375,B
VASoL_2011_5_34,B
Mercury_411731,B
TAKS_2009_8_24,C
Mercury_7018060,B
Mercury_SC_402044,A
Mercury_178938,B
Mercury_SC_416166,C
FCAT_2008_5_7,D
ACTAAP_2013_7_15,C
MCAS_8_2015_14,D
MCAS_2004_5_32,A
Mercury_SC_401214,D
Mercury_7074953,A
MCAS_2008_5_5632,B
Mercury_400556,A
NAEP_2009_4_S11+1,B
CSZ30263,B
MEA_2014_8_2,A
Mercury_179200,A
Mercury_SC_407706,B
Mercury_7090755,A
Mercury_406811,C
Mercury_7082670,C
Mercury_7124320,C
Mercury_SC_409251,A
MEA_2014_5_15,B
Mercury_7106610,A
MCAS_2010_8_12012,D
MCAS_2010_8_12019,C
Mercury_7159425,D
Mercury_192343,B
NYSEDREGENTS_2012_8_9,4
Mercury_SC_405783,C
ACTAAP_2013_7_1,C
MDSA_2008_8_13,C
MDSA_2011_5_35,C
MCAS_2005_8_17,A
VASoL_2009_5_24,B
LEAP_2008_4_10287,C
Mercury_192868,A
MCAS_2004_8_22,A
Mercury_7013195,B
MCAS_2010_5_14,C
Mercury_7220343,D
TIMSS_1995_8_K16,A
Mercury_SC_408031,C
Mercury_7015925,A
Mercury_7085873,A
Mercury_7217035,C
Mercury_7003728,C
TIMSS_2003_4_pg10,A
Mercury_SC_401120,C
Mercury_407132,A
Mercury_7074988,A
Mercury_7227798,C
Mercury_SC_401827,D
Mercury_SC_401403,A
MDSA_2010_5_19,B
MEA_2014_5_12,B
MSA_2012_5_22,D
Mercury_SC_407577,B
Mercury_401760,C
NYSEDREGENTS_2015_8_33,4
TIMSS_2007_8_pg34,C
Mercury_7090633,A
Mercury_404924,A
Mercury_7218488,A
NYSEDREGENTS_2010_8_12,1
MDSA_2011_4_16,C
VASoL_2008_3_33,D
Mercury_7247853,B
Mercury_7094553,D
Mercury_SC_415492,B
Mercury_7135853,B
Mercury_400363,A
NYSEDREGENTS_2008_8_10,3
Mercury_SC_415584,B
TIMSS_2003_4_pg12,D
AIMS_2008_4_18,A
Mercury_7246960,A
Mercury_7217350,C
Mercury_SC_402052,A
MCAS_2003_8_5,A
Mercury_7015733,D
ACTAAP_2014_5_12,B
Mercury_7214428,D
Mercury_405465,A
Mercury_7101518,D
NAEP_2005_8_S11+11,B
Mercury_7005058,D
Mercury_7058503,D
NYSEDREGENTS_2015_8_2,3
Mercury_407259,C
Mercury_7017798,B
Mercury_7124128,C
Mercury_SC_402258,C
TIMSS_2011_4_pg97,B
Mercury_7162558,D
Mercury_416414,C
Mercury_SC_405081,D
VASoL_2008_3_20,A
Mercury_177345,C
Mercury_SC_408033,D
TIMSS_1995_8_I10,B
Mercury_415085,C
Mercury_416550,B
Mercury_7137043,C
Mercury_7216633,B
Mercury_SC_408620,C
ACTAAP_2009_7_5,D
Mercury_SC_406674,A
Mercury_7099348,C
Mercury_403937,A
NYSEDREGENTS_2012_8_26,4
MCAS_8_2015_17,A
Mercury_7228393,D
Mercury_415745,B
Mercury_SC_415338,B
Mercury_7108238,A
Mercury_177485,B
Mercury_SC_405120,A
MDSA_2009_8_25,B
VASoL_2009_3_26,A
Mercury_7264180,B
Mercury_7004183,B
Mercury_SC_LBS10026,C
NYSEDREGENTS_2015_8_20,4
Mercury_407359,B
AKDE&ED_2012_4_39,D
Mercury_7034790,B
Mercury_7194268,C
VASoL_2008_3_21,C
MCAS_2010_5_11981,B
Mercury_SC_402241,D
NYSEDREGENTS_2013_4_23,B
CSZ40385,A
MDSA_2007_8_4,C
Mercury_405469,A
Mercury_SC_402036,D
Mercury_7230423,A
MCAS_2012_8_23649,A
Mercury_SC_416135,D
MEAP_2005_8_33,A
Mercury_415686,A
NCEOGA_2013_5_49,D
Mercury_7027265,D
MEAP_2004_8_48,C
MCAS_2001_8_9,D
MCAS_2004_9_20,A
NYSEDREGENTS_2013_8_27,3
Mercury_SC_400871,D
Mercury_SC_408250,B
NYSEDREGENTS_2013_8_36,4
Mercury_LBS10523,C
Mercury_7044083,D
Mercury_402144,D
NCEOGA_2013_8_49,B
NYSEDREGENTS_2015_4_12,D
NYSEDREGENTS_2012_4_20,D
Mercury_7068600,B
MCAS_2004_5_14,A
Mercury_SC_409024,A
Mercury_7007928,D
Mercury_7038850,A
Mercury_400598,C
Mercury_7239313,A
Mercury_7011760,A
Mercury_7008785,A
Mercury_180863,A
Mercury_7014560,C
Mercury_SC_405059,A
Mercury_179130,C
MCAS_2011_5_17671,A
NYSEDREGENTS_2013_4_14,D
NYSEDREGENTS_2012_8_6,3
Mercury_SC_407227,D
NYSEDREGENTS_2008_4_27,A
Mercury_SC_401779,B
OHAT_2008_5_30,B
Mercury_SC_400181,C
Mercury_7222670,C
Mercury_7016328,B
MEAP_2005_8_14,B
TIMSS_2007_8_pg4,D
NYSEDREGENTS_2010_8_34,4
Mercury_7202125,D
Mercury_7242900,C
Mercury_SC_400588,B
Mercury_7282695,A
Mercury_7018498,C
CSZ20770,C
Mercury_7174895,D
Mercury_SC_400375,B
Mercury_SC_415394,A
Mercury_412693,C
Mercury_7056665,C
MCAS_2003_8_26,C
Mercury_7218050,C
Mercury_7010063,B
Mercury_SC_405499,C
Mercury_SC_401172,C
Mercury_7056315,A
Mercury_7271198,A
Mercury_7248203,D
TIMSS_1995_8_I16,A
Mercury_7201163,C
Mercury_7064698,A
Mercury_7081550,A
ACTAAP_2015_7_7,B
Mercury_400278,A
NYSEDREGENTS_2008_4_24,B
LEAP__7_10341,C
TIMSS_2003_4_pg8,C
Mercury_SC_409577,B
Mercury_7198993,D
Mercury_SC_409272,C
VASoL_2008_5_11,C
Mercury_7199938,B
NYSEDREGENTS_2012_8_27,4
Mercury_7264145,B
Mercury_192990,C
Mercury_405777,A
Mercury_SC_409153,B
VASoL_2009_3_27,C
MDSA_2009_8_32,C
Mercury_SC_400115,C
MSA_2012_5_21,D
NCEOGA_2013_5_24,C
Mercury_7245245,C
FCAT_2012_8_4,B
Mercury_SC_402124,A
Mercury_7219695,A
Mercury_SC_402122,D
Mercury_SC_405800,D
Mercury_SC_400048,A
Mercury_7163870,D
MCAS_2006_9_2,C
NYSEDREGENTS_2008_4_7,B
Mercury_SC_401170,A
NYSEDREGENTS_2013_4_24,A
Mercury_SC_401238,D
Mercury_7218663,C
Mercury_7024938,C
Mercury_182263,C
Mercury_7086800,C
Mercury_7248308,B
NYSEDREGENTS_2015_8_31,4
Mercury_7228078,B
Mercury_SC_402040,D
Mercury_7026758,B
Mercury_SC_409676,D
NYSEDREGENTS_2010_8_9,1
Mercury_SC_LBS10906,D
MDSA_2010_8_38,D
Mercury_416672,B
ACTAAP_2014_7_12,C
OHAT_2008_8_29,B
Mercury_184170,C
Mercury_405769,B
Mercury_SC_400359,A
Mercury_7011393,A
Mercury_SC_409682,C
Mercury_7220028,A
MCAS_2011_5_15,C
Mercury_SC_400217,D
TIMSS_2011_4_pg7,D
Mercury_7263515,D
Mercury_7018463,A
Mercury_SC_401833,D
Mercury_187460,C
Mercury_SC_409149,A
Mercury_417589,D
ACTAAP_2011_5_14,D
Mercury_400837,A
Mercury_405942,A
Mercury_7186935,B
MDSA_2011_8_13,B
Mercury_7252263,B
NYSEDREGENTS_2015_8_45,3
Mercury_412625,A
Mercury_SC_406672,A
TAKS_2009_8_12,B
Mercury_7270270,C
Mercury_SC_LBS11008,C
Mercury_SC_414087,D
MEA_2016_5_8,C
ACTAAP_2014_5_13,A
MEA_2014_5_3,D
Mercury_SC_401125,D
Mercury_7212625,B
Mercury_7250285,C
NYSEDREGENTS_2012_4_7,D
Mercury_7168718,A
MDSA_2012_8_36,C
Mercury_7044065,B
Mercury_SC_410619,C
Mercury_SC_406026,B
Mercury_SC_406024,A
Mercury_406773,D
Mercury_SC_400857,B
MDSA_2008_8_29,D
Mercury_SC_407219,A
NYSEDREGENTS_2012_4_8,C
Mercury_7083405,A
Mercury_SC_402079,D
ACTAAP_2007_7_17,D
Mercury_7093013,D
TIMSS_2003_4_pg17,D
Mercury_SC_416527,C
MCAS_2005_9_9,A
Mercury_7161403,A
Mercury_SC_405062,C
Mercury_7142748,B
Mercury_7024675,D
Mercury_7267575,B
Mercury_7170905,C
Mercury_400158,B
MCAS_2011_5_11,A
Mercury_SC_400595,A
TIMSS_2011_4_pg58,D
Mercury_7245578,D
Mercury_7217280,B
Mercury_405951,D
Mercury_7017920,C
Mercury_SC_415005,B
MEA_2013_5_16,A
Mercury_SC_401155,C
TIMSS_2011_8_pg19,C
Mercury_7013685,D
Mercury_SC_401119,D
NYSEDREGENTS_2010_4_10,C
MCAS_2016_5_16,B
Mercury_178308,C
Mercury_405107,A
NYSEDREGENTS_2010_8_28,2
Mercury_400799,A
Mercury_SC_401219,B
VASoL_2009_5_22,C
ACTAAP_2013_5_5,C
NCEOGA_2013_5_27,D
ACTAAP_2008_5_12,A
ACTAAP_2008_7_17,D
Mercury_7250110,B
NYSEDREGENTS_2008_8_24,3
Mercury_7091858,D
Mercury_405948,A
OHAT_2009_8_8,D
Mercury_SC_408425,B
Mercury_SC_415489,C
Mercury_7037678,D
TIMSS_2011_4_pg14,D
Mercury_SC_LBS10391,B
CSZ_2009_8_CSZ30764,B
Mercury_7040933,B
Mercury_7175805,C
Mercury_7128870,A
Mercury_SC_406851,C
Mercury_409822,C
LEAP_2005_4_10266,B
Mercury_7024360,A
NYSEDREGENTS_2015_4_10,A
Mercury_SC_401141,A
MCAS_2012_5_23619,B
Mercury_416642,A
Mercury_7210193,A
Mercury_7057330,B
Mercury_7250128,C
Mercury_SC_LBS10338,A
Mercury_7008960,D
MEA_2010_8_13,D
Mercury_SC_409595,C
NYSEDREGENTS_2012_8_3,3
Mercury_7008383,C
Mercury_7248150,A
Mercury_401240,B
NYSEDREGENTS_2010_8_30,2
TIMSS_2011_4_pg102,B
Mercury_SC_400693,D
Mercury_7168140,C
Mercury_175963,C
NYSEDREGENTS_2010_8_15,1
Mercury_SC_400676,A
Mercury_7007683,A
LEAP_2004_4_10258,A
Mercury_7268153,B
Mercury_LBS10795,C
Mercury_7176208,B
Mercury_7206063,D
Mercury_SC_415028,D
Mercury_400471,A
Mercury_7072625,B
VASoL_2008_5_25,B
Mercury_410275,B
Mercury_SC_415413,B
TIMSS_2007_4_pg34,D
NYSEDREGENTS_2015_4_17,D
Mercury_7016853,B
Mercury_SC_401817,C
MDSA_2007_5_51,D
ACTAAP_2010_7_17,D
Mercury_7008155,B
NYSEDREGENTS_2015_8_19,3
Mercury_7148208,C
Mercury_SC_400709,C
Mercury_412755,B
Mercury_SC_401331,A
NYSEDREGENTS_2013_4_3,B
Mercury_SC_413002,A
Mercury_7042630,B
MCAS_2003_5_10,D
TIMSS_2007_4_pg105,C
NYSEDREGENTS_2015_4_13,B
Mercury_7024203,C
Mercury_7007543,C
Mercury_7241255,B
Mercury_7222408,B
Mercury_7016240,A
TIMSS_2007_8_pg57,C
MDSA_2007_8_23,A
MEA_2016_5_3,C
MEAP_2005_5_16,C
Mercury_7009818,D
MCAS_2004_5_22,D
ACTAAP_2007_7_27,B
MDSA_2008_5_25,A
TIMSS_1995_8_L5,B
Mercury_7217438,B
Mercury_411809,B
Mercury_7188213,A
Mercury_SC_401800,B
Mercury_SC_406273,A
NYSEDREGENTS_2010_8_7,3
Mercury_7174668,B
NYSEDREGENTS_2013_8_16,4
MCAS_2005_5_33,D
Mercury_7056648,D
NYSEDREGENTS_2013_8_43,1
AKDE&ED_2008_8_50,D
Mercury_7205363,A
Mercury_SC_407507,D
NYSEDREGENTS_2013_8_23,1
TAKS_2009_5_20,C
MDSA_2010_8_8,D
NYSEDREGENTS_2013_8_13,2
NYSEDREGENTS_2013_8_8,2
MCAS_2011_5_10,A
ACTAAP_2014_7_10,D
Mercury_SC_408435,C
Mercury_7245788,D
NYSEDREGENTS_2015_8_25,4
MCAS_2004_8_20,A
Mercury_7207463,B
OHAT_2007_5_40,B
NYSEDREGENTS_2008_8_33,3
MSA_2012_5_13,C
Mercury_7211015,D
MCAS_1999_8_17,C
Mercury_7071978,B
Mercury_414500,B
Mercury_7014000,A
Mercury_SC_400224,D
NCEOGA_2013_8_29,B
LEAP_2002_8_10389,B
Mercury_416507,C
VASoL_2008_3_35,A
Mercury_7010798,C
Mercury_7018078,B
Mercury_7141278,A
Mercury_SC_400988,D
Mercury_SC_415415,D
NAEP_2009_4_S7+6,A
Mercury_SC_401296,A
Mercury_SC_400406,C
Mercury_7023275,B
Mercury_SC_405020,B
Mercury_405940,D
Mercury_SC_405734,A
MCAS_2005_8_20,A
Mercury_7197960,A
TIMSS_2003_8_pg57,B
TAKS_2009_5_29,C
NYSEDREGENTS_2010_8_8,4
Mercury_7219030,D
Mercury_7141890,C
Mercury_7075215,B
Mercury_SC_416173,D
Mercury_7283885,D
MCAS_1998_4_7,D
OHAT_2007_8_42,B
AKDE&ED_2012_8_7,D
Mercury_LBS10993,C
Mercury_7084018,C
Mercury_SC_415399,D
Mercury_7071803,D
MCAS_2011_8_17683,D
Mercury_SC_408439,A
Mercury_7115290,A
Mercury_7007613,D
Mercury_7161298,D
Mercury_180198,B
MEAP_2004_8_1,B
LEAP_2001_4_10240,D
AKDE&ED_2012_4_2,D
AKDE&ED_2008_8_18,C
Mercury_400347,D
Mercury_7001313,D
NYSEDREGENTS_2008_8_18,1
Mercury_7026810,C
Mercury_SC_415352,C
Mercury_SC_413632,B
Mercury_SC_408881,C
MSA_2013_5_15,A
Mercury_SC_401316,D
TIMSS_2003_8_pg99,A
Mercury_405056,A
Mercury_7113978,C
Mercury_7041388,D
NYSEDREGENTS_2012_4_23,B
NYSEDREGENTS_2015_8_1,3
Mercury_7238893,D
Mercury_7018095,D
Mercury_SC_408344,B
Mercury_7171955,D
Mercury_7013895,B
MCAS_2011_8_17682,C
Mercury_7194320,A
Mercury_7029785,C
Mercury_7284008,A
Mercury_402093,A
Mercury_401313,D
Mercury_SC_405490,C
Mercury_7160528,A
TIMSS_2007_8_pg130,A
Mercury_7083773,B
Mercury_7188860,D
NCEOGA_2013_5_14,B
Mercury_7113803,A
Mercury_SC_401136,B
LEAP__7_10342,B
Mercury_SC_405838,B
NYSEDREGENTS_2008_8_26,1
MCAS_1999_4_15,D
Mercury_SC_414155,D
CSZ_2008_8_12,C
CSZ_2005_5_CSZ20517,D
Mercury_SC_406543,B
Mercury_SC_406688,B
Mercury_7205748,B
Mercury_7007473,A
AKDE&ED_2012_4_14,A
Mercury_7008348,D
Mercury_SC_401838,C
Mercury_7018428,B
Mercury_SC_LBS10272,A
Mercury_411737,A
MCAS_2011_8_17696,A
Mercury_400060,D
Mercury_7094395,C
Mercury_402634,D
Mercury_7218908,B
Mercury_7037275,C
LEAP__8_10366,C
Mercury_7012495,B
Mercury_7210350,B
Mercury_SC_LBS10270,A
Mercury_SC_405090,C
NYSEDREGENTS_2015_8_34,4
Mercury_402102,B
Mercury_7220430,A
AKDE&ED_2008_8_31,A
TAKS_2009_8_29,D
Mercury_7137480,D
MCAS_2015_8_20,C
Mercury_7069388,C
TIMSS_2003_4_pg87,C
Mercury_7194495,A
OHAT_2008_8_15,B
AKDE&ED_2008_8_49,A
Mercury_SC_408746,B
ACTAAP_2009_7_9,A
TIMSS_2011_8_pg98,B
NYSEDREGENTS_2010_4_7,A
Mercury_7263655,D
VASoL_2011_5_16,C
Mercury_SC_400021,C
VASoL_2009_5_36,D
Mercury_SC_405154,B
Mercury_7128853,A
Mercury_7044240,D
Mercury_407661,D
Mercury_7234518,C
Mercury_7179340,D
OHAT_2007_8_44,B
Mercury_7099225,B
Mercury_SC_400183,D
Mercury_7206623,B
Mercury_7026513,A
Mercury_402092,D
VASoL_2007_5_31,C
Mercury_409111,B
AKDE&ED_2012_8_1,D
MCAS_2006_9_5,A
MDSA_2007_5_57,C
Mercury_SC_408628,A
Mercury_SC_401310,B
Mercury_SC_409172,A
Mercury_7211628,B
Mercury_412777,D
MCAS_2000_4_35,A
Mercury_SC_401358,D
Mercury_7181633,D
NYSEDREGENTS_2010_8_6,4
Mercury_411027,C
Mercury_7267943,B
Mercury_SC_406467,A
MCAS_2006_9_29,B
NYSEDREGENTS_2013_4_22,A
MEAP_2005_8_16,A
Mercury_SC_402074,D
Mercury_7056543,B
MCAS_2000_4_11,C
Mercury_7219118,C
Mercury_7043873,A
Mercury_7207060,C
Mercury_7090563,A
Mercury_SC_402623,B
Mercury_SC_416138,D
Mercury_SC_405510,D
MDSA_2013_8_33,A
Mercury_7271373,C
Mercury_400629,B
MEA_2010_8_9,D
Mercury_7217595,C
MEA_2010_8_6-v1,A
AKDE&ED_2008_8_39,C
Mercury_406546,B
AKDE&ED_2012_8_15,C
Mercury_SC_400610,D
Mercury_SC_400532,A
MCAS_2005_8_1,A
Mercury_400620,A
MCAS_8_2015_12,B
Mercury_7234623,D
Mercury_7211260,C
MCAS_2001_8_19,A
Mercury_SC_402117,B
TIMSS_2007_8_pg29,D
Mercury_SC_401126,B
Mercury_7267488,B
OHAT_2010_8_29,A
Mercury_7132370,D
Mercury_7162803,A
Mercury_7026530,A
MCAS_2012_8_23653,D
CSZ_2009_8_CSZ30585,A
MCAS_8_2014_13,D
Mercury_416377,D
Mercury_407668,C
Mercury_SC_406664,D
Mercury_7188510,B
Mercury_7146178,B
NYSEDREGENTS_2015_4_16,C
Mercury_SC_408740,C
Mercury_SC_401811,D
MCAS_1999_8_23,C
Mercury_7124268,D
Mercury_SC_400663,A
Mercury_7207078,C
MCAS_2003_8_10,D
Mercury_SC_416136,A
NAEP_2000_8_S11+5,A
Mercury_SC_400376,A
NYSEDREGENTS_2013_8_19,4
LEAP__7_10345,C
Mercury_7161473,C
MCAS_2006_9_42,D
Mercury_410467,C
Mercury_SC_416161,A
Mercury_404614,C
Mercury_7220833,C
MCAS_2005_9_19-v1,A
Mercury_SC_407376,C
ACTAAP_2008_5_5,A
Mercury_7220010,A
Mercury_7041878,C
Mercury_LBS10126,A
Mercury_7030783,A
Mercury_SC_402642,D
Mercury_SC_401269,D
Mercury_7162785,D
TIMSS_2007_8_pg102,A
AKDE&ED_2008_8_30,A
Mercury_7032393,D
NYSEDREGENTS_2015_4_23,D
Mercury_SC_LBS10177,D
TIMSS_2003_4_pg25,A
Mercury_416637,D
MEAP_2005_8_1,A
Mercury_LBS10287,B
Mercury_7107993,C
Mercury_7238928,D
NAEP_2005_8_S13+8,D
Mercury_SC_400306,D
Mercury_7173880,B
ACTAAP_2015_7_1,D
Mercury_SC_401275,A
Mercury_SC_400361,B
Mercury_7026775,A
Mercury_7284095,D
Mercury_SC_LBS10901,C
Mercury_7123445,A
NYSEDREGENTS_2010_4_11,D
MCAS_2006_9_40,C
Mercury_SC_402270,A
VASoL_2007_3_15,C
Mercury_7138863,B
Mercury_SC_415738,C
Mercury_7009573,B
Mercury_SC_402053,B
MCAS_2012_8_23650,C
MCAS_2005_5_12,B
TAKS_2009_5_21,B
VASoL_2008_5_26,C
ACTAAP_2014_7_2,D
Mercury_SC_400523,D
Mercury_SC_402094,B
Mercury_7122500,C
Mercury_7107310,C
Mercury_7007840,D
AIMS_2008_8_12,B
Mercury_SC_415350,A
MCAS_2000_8_17,B
Mercury_SC_404998,A
Mercury_SC_400600,C
Mercury_SC_401611,B
NCEOGA_2013_8_53,B
Mercury_7077490,B
AKDE&ED_2008_8_38,D
VASoL_2008_3_38,B
Mercury_7251720,D
Mercury_405461,B
Mercury_404899,B
Mercury_404107,B
NYSEDREGENTS_2008_4_10,A
NYSEDREGENTS_2012_4_19,C
Mercury_405852,D
NYSEDREGENTS_2012_4_18,D
Mercury_7166950,A
Mercury_SC_400065,C
MDSA_2009_8_29,C
Mercury_417461,D
Mercury_7271163,B
Mercury_7139720,C
Mercury_400256,B
Mercury_SC_LBS10618,A
NCEOGA_2013_8_39,D
Mercury_SC_400603,D
Mercury_7174003,B
Mercury_SC_401629,C
Mercury_7037345,B
NYSEDREGENTS_2013_4_12,A
Mercury_7112805,B
Mercury_SC_405482,A
TIMSS_2003_4_pg81,D
MDSA_2011_8_33,A
Mercury_7137130,C
ACTAAP_2007_7_26,C
Mercury_SC_413135,D
Mercury_409065,C
Mercury_7230598,A
Mercury_7131023,D
AKDE&ED_2012_8_48,C
Mercury_7085558,A
CSZ20228,C
Mercury_7250005,A
Mercury_SC_408039,D
LEAP_2006_4_10275,C
MCAS_2004_5_8,A
Mercury_401643,D
MCAS_8_2015_4,B
Mercury_186568,D
NYSEDREGENTS_2010_4_16,B
Mercury_7210630,A
Mercury_SC_401264,C
Mercury_SC_406016,A
NYSEDREGENTS_2012_4_13,B
Mercury_SC_402071,C
Mercury_7025130,A
MEA_2013_8_19,D
Mercury_416581,B
Mercury_410593,C
Mercury_SC_400842,A
Mercury_SC_405881,B
Mercury_SC_409563,C
Mercury_7206133,D
MCAS_2006_5_1,A
Mercury_7200585,B
NYSEDREGENTS_2010_4_18,B
Mercury_7083738,B
Mercury_7247083,A
Mercury_182945,C
Mercury_7200148,D
MEA_2016_8_18,B
MCAS_2001_5_15,B
NYSEDREGENTS_2015_4_15,C
MCAS_2013_8_29418,A
NCEOGA_2013_8_13,A
Mercury_177153,D
Mercury_7228305,D
Mercury_SC_405856,A
Mercury_SC_401000,D
NYSEDREGENTS_2010_4_9,D
TIMSS_2011_8_pg25,D
Mercury_7004795,A
TIMSS_2007_4_pg64,A
VASoL_2008_5_14,B
Mercury_416636,A
TIMSS_2003_4_pg11,D
Mercury_SC_401129,B
Mercury_7263095,A
VASoL_2009_3_25,A
MCAS_1999_8_28,C
VASoL_2009_3_28,B
Mercury_7191188,C
Mercury_7027545,C
Mercury_SC_408884,B
Mercury_SC_405865,D
Mercury_SC_401225,D
LEAP_2008_4_10286,A
Mercury_7283343,D
Mercury_7123533,A
Mercury_7008260,D
Mercury_SC_400658,D
NYSEDREGENTS_2013_8_7,2
Mercury_SC_415454,D
Mercury_SC_405340,B
Mercury_SC_407371,A
Mercury_7211505,C
Mercury_SC_400114,A
Mercury_7040758,D
Mercury_7043943,D
Mercury_401246,B
MCAS_2010_8_12003,C
AKDE&ED_2008_4_33,C
CSZ20823,C
ACTAAP_2010_5_8,B
Mercury_7001278,D
Mercury_SC_LBS10952,B
Mercury_SC_407606,D
NYSEDREGENTS_2010_8_31,3
Mercury_7044713,B
Mercury_7056910,B
Mercury_SC_LBS10390,C
VASoL_2008_5_16,B
Mercury_7005513,D
Mercury_7092488,B
MCAS_2016_5_2,A
Mercury_7220973,A
Mercury_7016520,C
Mercury_SC_413638,B
Mercury_7236618,C
Mercury_7183523,A
Mercury_7043890,C
NYSEDREGENTS_2015_4_4,D
MEA_2016_8_19,C
Mercury_7080973,C
VASoL_2011_5_25,D
Mercury_7215548,B
Mercury_7239365,C
Mercury_7223423,A
Mercury_7081288,D
Mercury_400198,B
OHAT_2007_8_43,A
Mercury_LBS10817,C
Mercury_189753,B
OHAT_2011_5_37,D
Mercury_7247048,A
CSZ20334,A
Mercury_7195178,C
Mercury_7246278,D
Mercury_7015908,D
Mercury_7235603,B
Mercury_7097440,D
Mercury_SC_417579,A
NCEOGA_2013_8_56,B
Mercury_7217333,C
Mercury_SC_409574,B
NYSEDREGENTS_2013_8_40,3
Mercury_7216913,D
ACTAAP_2008_5_13,A
NYSEDREGENTS_2013_8_11,4
MCAS_2004_8_35,A
Mercury_SC_413004,A
Mercury_7014385,B
NYSEDREGENTS_2008_4_4,A
NYSEDREGENTS_2012_4_26,D
ACTAAP_2014_5_4,A
TIMSS_2003_8_pg43,D
ACTAAP_2013_7_8,C
CSZ_2009_8_CSZ30651,D
Mercury_SC_LBS10688,C
NCEOGA_2013_5_S2,B
Mercury_SC_410835,C
ACTAAP_2008_7_7,A
Mercury_7015890,A
Mercury_7077665,D
Mercury_7234168,D
NYSEDREGENTS_2013_4_29,A
Mercury_7188353,A
MCAS_2006_5_21,B
Mercury_SC_409157,D
MEA_2016_8_20,A
Mercury_7084245,C
Mercury_SC_405137,D
VASoL_2010_3_2,C
Mercury_7008033,D
Mercury_SC_400987,B
MDSA_2008_5_29,D
Mercury_7041055,B
NYSEDREGENTS_2013_4_7,C
AKDE&ED_2008_4_8,B
Mercury_SC_402064,D
Mercury_404898,B
Mercury_177678,C
Mercury_SC_LBS10606,D
Mercury_SC_402630,D
Mercury_416586,A
MCAS_2006_9_38,B
Mercury_SC_415469,B
MDSA_2009_8_12,A
Mercury_7015803,A
Mercury_414146,A
Mercury_405895,D
Mercury_7063980,B
Mercury_7029855,B
Mercury_404720,D
Mercury_7071960,A
Mercury_7004778,A
Mercury_7263848,D
Mercury_SC_402260,C
Mercury_SC_LBS10041,D
Mercury_SC_401786,C
ACTAAP_2011_5_13,A
LEAP__4_10227,B
Mercury_7195125,B
LEAP__8_10368,A
Mercury_SC_401307,D
NYSEDREGENTS_2015_8_8,4
TIMSS_2003_8_pg40,B
MDSA_2008_8_38,A
MCAS_2012_5_22237,C
Mercury_7223948,B
Mercury_7263428,D
Mercury_SC_402983,D
MCAS_2012_8_23648,D
Mercury_LBS10976,D
Mercury_SC_408925,C
MDSA_2009_8_30,D
NAEP_2000_8_S21+3,C
Mercury_7106785,C
Mercury_SC_400193,B
Mercury_7029313,B
MCAS_2000_8_23,B
Mercury_7001435,B
Mercury_SC_402031,C
MDSA_2008_8_39,C
Mercury_SC_LBS10619,A
Mercury_SC_414361,D
Mercury_400089,C
Mercury_7165690,D
LEAP_2006_8_10411,B
Mercury_SC_408984,A
Mercury_SC_400173,C
Mercury_7201058,D
Mercury_7011288,D
MCAS_1999_4_16,B
Mercury_7168613,C
Mercury_400574,D
MDSA_2010_5_3,B
Mercury_401785,A
Mercury_7145548,D
NYSEDREGENTS_2013_8_35,4
Mercury_7141733,B
Mercury_SC_LBS10388,B
Mercury_SC_401615,C
Mercury_7007858,A
Mercury_7212940,A
NYSEDREGENTS_2008_4_17,D
Mercury_7110968,A
Mercury_7174143,C
Mercury_7191520,B
Mercury_7027108,D
AKDE&ED_2008_8_51,A
MCAS_2012_8_23639,C
VASoL_2007_5_30,D
AMP_2016_8_48,C
NYSEDREGENTS_2013_8_21,2
Mercury_7220465,D
Mercury_404086,D
MDSA_2007_8_6,D
Mercury_7179288,A
Mercury_7163363,A
Mercury_SC_405883,B
Mercury_7081655,B
Mercury_176820,C
Mercury_SC_400583,C
NYSEDREGENTS_2008_8_37,2
NYSEDREGENTS_2008_4_20,B
Mercury_7085383,A
Mercury_7268275,A
MSA_2012_8_28,C
Mercury_7213045,B
NYSEDREGENTS_2010_4_22,A
Mercury_416684,A
Mercury_184643,B
Mercury_SC_408871,B
MSA_2012_5_16,A
Mercury_SC_415078,A
AIMS_2009_4_20,C
Mercury_7094938,A
OHAT_2008_5_26,A
Mercury_SC_415417,A
MCAS_2006_9_7,A
Mercury_7222758,A
Mercury_SC_401305,B
NYSEDREGENTS_2008_4_25,C
Mercury_7145583,B
Mercury_7100748,D
ACTAAP_2008_5_15,A
Mercury_185115,D
VASoL_2009_5_28,C
Mercury_SC_413085,B
Mercury_SC_405004,A
VASoL_2009_5_20,C
MCAS_2003_8_28,C
Mercury_7167038,C
MCAS_1999_4_32,D
MCAS_2001_5_14,B
ACTAAP_2012_7_2,A
Mercury_400704,A
Mercury_7215478,A
Mercury_7033600,A
ACTAAP_2015_7_4,C
Mercury_SC_LBS10949,C
NYSEDREGENTS_2015_8_30,4
Mercury_411782,D
LEAP_2003_8_10393,A
ACTAAP_2010_5_15,D
Mercury_7214235,A
MCAS_2011_8_17685,D
Mercury_7165813,A
Mercury_7071750,D
Mercury_7120820,C
Mercury_7004585,D
MSA_2012_8_34,A
AKDE&ED_2012_4_48,B
Mercury_SC_408747,A
Mercury_7267838,A
Mercury_SC_411419,A
NCEOGA_2013_5_16,B
Mercury_7093100,C
Mercury_SC_407608,C
ACTAAP_2013_7_10,C
Mercury_7271320,A
Mercury_412714,D
Mercury_7250268,C
VASoL_2008_5_33,D
Mercury_SC_408390,C
CSZ_2008_5_CSZ10081,B
NYSEDREGENTS_2015_8_32,3
Mercury_SC_400679,D
Mercury_7058520,C
Mercury_7005075,D
Mercury_189105,D
Mercury_7091893,C
Mercury_LBS10706,D
Mercury_7012583,C
NYSEDREGENTS_2008_8_2,2
MCAS_2003_5_20,A
Mercury_SC_402077,C
Mercury_7235935,A
Mercury_7216773,D
Mercury_SC_416653,A
Mercury_7007770,B
Mercury_7137008,B
NYSEDREGENTS_2013_4_4,A
ACTAAP_2008_5_14,A
TIMSS_2007_8_pg26,C
Mercury_SC_400529,A
Mercury_409465,A
Mercury_7201268,B
Mercury_408093,A
MCAS_2014_8_19,D
Mercury_7214043,C
LEAP__8_10369,B
Mercury_7032883,C
Mercury_7235673,A
LEAP__4_10224,B
VASoL_2007_5_12,A
Mercury_7007648,D
Mercury_406802,B
Mercury_SC_407692,C
Mercury_SC_LBS10516,A
Mercury_7122973,B
MCAS_2013_8_29426,C
Mercury_7274365,B
Mercury_7234343,A
Mercury_SC_413242,A
Mercury_SC_410624,D
Mercury_7254538,D
Mercury_182368,A
Mercury_7005128,C
NYSEDREGENTS_2008_8_12,2
Mercury_7016363,C
TIMSS_2011_8_pg23,B
MEA_2014_8_18,C
NCEOGA_2013_5_13,D
Mercury_7110215,B
Mercury_7173653,B
MCAS_2003_8_33,D
ACTAAP_2007_7_15,B
Mercury_7179253,D
Mercury_404991,C
Mercury_SC_408509,A
Mercury_7126875,B
Mercury_7068950,D
Mercury_7201040,B
Mercury_SC_400365,D
Mercury_7172813,C
NYSEDREGENTS_2010_4_8,C
Mercury_SC_400843,A
Mercury_7008593,A
Mercury_7200568,D
NYSEDREGENTS_2015_8_6,1
Mercury_SC_408851,A
CSZ30179,D
Mercury_SC_400214,C
Mercury_SC_409669,C
Mercury_7041213,A
Mercury_7269098,D
Mercury_SC_403011,C
Mercury_7017903,A
Mercury_SC_406663,B
Mercury_SC_400611,D
NYSEDREGENTS_2013_8_22,1
NYSEDREGENTS_2012_8_31,4
MCAS_2000_4_32,C
TIMSS_1995_8_K15,D
Mercury_SC_405792,A
ACTAAP_2007_7_13,B
Mercury_SC_402116,D
MSA_2015_5_34,A
NYSEDREGENTS_2012_8_30,1
Mercury_7222303,C
Mercury_7220483,A
Mercury_7034773,C
Mercury_7210893,A
Mercury_187093,D
Mercury_7271355,B
Mercury_7033530,A
NYSEDREGENTS_2013_4_8,A
Mercury_SC_409026,C
Mercury_7214253,B
Mercury_SC_400923,C
Mercury_SC_405496,A
MCAS_2000_8_16,A
Mercury_7090580,A
Mercury_7044555,A
Mercury_SC_401789,C
Mercury_7001873,D
Mercury_SC_415071,B
Mercury_SC_408991,A
TIMSS_2011_8_pg101,B
Mercury_SC_407441,D
MCAS_2015_5_11,D
Mercury_7091875,A
Mercury_SC_400848,A
Mercury_SC_400844,B
Mercury_177730,B
Mercury_406923,C
Mercury_SC_LBS10169,B
Mercury_185500,A
ACTAAP_2008_7_16,A
Mercury_SC_401642,A
LEAP__7_10355,C
Mercury_SC_400836,B
NYSEDREGENTS_2008_4_2,B
Mercury_SC_406885,B
Mercury_SC_401160,B
Mercury_7221393,B
Mercury_7071610,D
MCAS_2010_8_12006,A
NYSEDREGENTS_2013_4_13,C
MCAS_2000_8_20,C
Mercury_7137445,C
Mercury_7283693,D
MEA_2016_5_5,C
TIMSS_2011_8_pg50,C
Mercury_7217228,D
Mercury_SC_401190,A
Mercury_7210105,C
NYSEDREGENTS_2012_4_10,B
Mercury_7122955,B
MCAS_1998_8_11,D
Mercury_7092278,C
Mercury_SC_401658,C
Mercury_7211558,A
Mercury_SC_402070,D
Mercury_7004130,C
MCAS_2000_8_12,B
Mercury_7141785,A
Mercury_SC_406040,D
Mercury_7115255,B
VASoL_2008_5_5,C
Mercury_7040950,D
NYSEDREGENTS_2012_8_15,1
Mercury_404900,A
Mercury_SC_415583,A
OHAT_2009_5_42,B
Mercury_400522,D
Mercury_7116358,C
Mercury_SC_407796,C
Mercury_7043978,B
NYSEDREGENTS_2012_8_13,1
Mercury_7025025,C
Mercury_7188825,B
Mercury_SC_400118,C
Mercury_SC_410972,C
Mercury_7015575,A
Mercury_7184748,B
VASoL_2010_5_15,C
NYSEDREGENTS_2012_4_5,D
Mercury_7108063,B
Mercury_SC_400609,A
Mercury_416411,A
NYSEDREGENTS_2008_8_16,3
Mercury_7027388,D
Mercury_7271425,D
Mercury_7221445,A
ACTAAP_2010_5_9,B
Mercury_SC_401781,C
Mercury_7032690,B
MCAS_2004_5_2,C
VASoL_2010_3_20,A
Mercury_191503,B
Mercury_7119875,C
Mercury_7140298,B
AKDE&ED_2008_8_43,D
Mercury_7057243,C
Mercury_404987,B
CSZ_2004_5_CSZ10100,D
MCAS_2013_8_29417,B
NYSEDREGENTS_2013_8_14,3
NYSEDREGENTS_2008_4_21,D
NYSEDREGENTS_2013_4_20,C
Mercury_7041930,A
Mercury_SC_413009,A
Mercury_401010,A
Mercury_416405,A
NYSEDREGENTS_2010_8_27,1
Mercury_183925,B
Mercury_7004760,D
Mercury_7075180,A
Mercury_SC_401283,B
Mercury_7092453,C
MCAS_2002_8_14,A
Mercury_7210385,D
Mercury_SC_402627,A
Mercury_7013230,B
Mercury_178553,D
Mercury_SC_416097,B
Mercury_404096,B
Mercury_SC_401164,C
NYSEDREGENTS_2013_8_37,2
Mercury_7144498,C
Mercury_7010973,C
ACTAAP_2007_7_2,D
Mercury_411070,A
Mercury_7220518,A
Mercury_SC_408243,C
Mercury_176610,C
Mercury_SC_406070,A
Mercury_SC_408905,A
MCAS_2000_8_2,C
NYSEDREGENTS_2013_8_5,3
Mercury_182928,A
NYSEDREGENTS_2013_8_41,4
Mercury_SC_LBS10940,C
NYSEDREGENTS_2008_8_28,3
Mercury_SC_405784,B
Mercury_SC_407155,B
Mercury_7069510,A
Mercury_7027563,B
Mercury_181545,C
Mercury_410702,A
Mercury_7171588,A
Mercury_412298,B
Mercury_7013843,D
Mercury_7170643,A
Mercury_SC_401319,D
Mercury_7211418,D
Mercury_SC_405232,C
Mercury_7141418,C
Mercury_SC_LBS10064,A
Mercury_7085435,A
Mercury_7012688,A
AIMS_2009_4_13,C
MCAS_2003_5_8,B
Mercury_7239453,C
Mercury_180390,C
Mercury_SC_407405,C
MCAS_1998_8_12,A
AIMS_2008_8_7,A
Mercury_7217910,C
Mercury_7029768,C
NCEOGA_2013_5_6,B
TIMSS_2003_8_pg48,B
Mercury_7003623,B
Mercury_7099260,A
Mercury_7025095,D
Mercury_7009748,C
Mercury_7008418,C
MDSA_2012_8_1,A
NYSEDREGENTS_2010_4_29,D
MCAS_2000_8_28,D
Mercury_7056735,C
Mercury_SC_406840,A
MCAS_2011_8_17681,A
Mercury_SC_406703,C
LEAP_2000_8_1,C
VASoL_2010_3_6,A
OHAT_2010_8_24,B
Mercury_7207183,A
Mercury_SC_400005,C
MCAS_2011_8_17692,B
Mercury_7207113,D
LEAP_2004_4_10260,B
AKDE&ED_2012_4_29,A
Mercury_7085470,B
NCEOGA_2013_8_3,C
Mercury_7164920,D
MCAS_2011_8_17697,C
Mercury_SC_LBS10939,C
VASoL_2010_3_11,B
VASoL_2009_3_21,C
TIMSS_2003_8_pg33,C
Mercury_7016415,B
Mercury_7029820,D
Mercury_7014403,A
Mercury_SC_413637,D
NYSEDREGENTS_2013_4_19,A
Mercury_415267,D
Mercury_7136150,C
Mercury_7199045,D
Mercury_7267505,C
NYSEDREGENTS_2015_8_5,3
NYSEDREGENTS_2013_8_6,2
Mercury_7175735,C
Mercury_SC_405026,C
MCAS_2012_8_23643,B
Mercury_SC_400031,C
Mercury_SC_400041,C
ACTAAP_2009_5_1,B
NYSEDREGENTS_2008_4_5,B
Mercury_SC_416110,C
Mercury_SC_405999,D
ACTAAP_2010_5_2,B
Mercury_7008698,B
NYSEDREGENTS_2015_8_16,4
Mercury_412695,A
Mercury_7003990,D
Mercury_400203,B
MCAS_1999_4_7,B
Mercury_7160738,A
Mercury_7283710,D
MDSA_2007_8_60,D
Mercury_7201320,A
Mercury_SC_408939,C
Mercury_7103548,B
Mercury_7001540,C
MCAS_2000_8_32,A
NYSEDREGENTS_2012_8_18,2
NYSEDREGENTS_2013_4_10,A
NYSEDREGENTS_2012_8_17,1
Mercury_7268993,D
Mercury_7210158,B
Mercury_SC_LBS10266,C
Mercury_411744,A
LEAP_2012_8_10442,C
MCAS_1999_8_33,B
ACTAAP_2007_7_34,C
Mercury_7216983,B
Mercury_7137078,C
Mercury_7222145,C
Mercury_7042543,B
Mercury_SC_400675,A
Mercury_LBS10778,D
Mercury_7027335,D
Mercury_7012863,C
Mercury_SC_415395,B
Mercury_SC_LBS10579,D
MCAS_2004_5_30,D
MCAS_1999_4_21,B
MCAS_2004_8_2,B
Mercury_SC_407690,A
Mercury_7148155,B
MCAS_1999_8_32,C
Mercury_7032480,A
Mercury_7041265,B
Mercury_7001208,C
Mercury_416643,B
TAKS_2009_5_1,D
Mercury_SC_402261,C
MDSA_2009_8_36,D
Mercury_7017955,D
Mercury_178815,C
Mercury_405875,D
ACTAAP_2012_7_14,D
Mercury_7005093,B
TIMSS_2011_4_pg24,B
Mercury_7056490,A
Mercury_SC_401673,A
Mercury_SC_408556,C
Mercury_7008908,C
TIMSS_2003_8_pg42,C
TAKS_2009_5_18,D
VASoL_2009_5_8,B
Mercury_7008103,D
NYSEDREGENTS_2015_4_28,D
MEAP_2005_8_31,D
Mercury_401583,D
Mercury_177188,A
Mercury_SC_414356,D
Mercury_416539,D
Mercury_SC_LBS10276,A
Mercury_7092243,C
Mercury_7085313,A
VASoL_2009_5_23,D
Mercury_7083790,C
NYSEDREGENTS_2015_8_26,4
Mercury_7171763,B
Mercury_SC_400001,A
MDSA_2008_5_23,A
Mercury_416374,C
MDSA_2008_8_25,C
MCAS_2004_5_36,D
Mercury_SC_400125,A
TIMSS_1995_8_Q11,D
NYSEDREGENTS_2015_4_14,B
Mercury_7245123,D
MCAS_2000_8_37,A
TIMSS_1995_8_J8,B
Mercury_7268765,A
Mercury_7248290,A
Mercury_406741,C
Mercury_SC_401123,B
MCAS_1998_8_22,D
Mercury_401187,C
MCAS_2009_5_6512,C
Mercury_406779,A
Mercury_7093083,B
MSA_2012_8_9,D
Mercury_403681,C
Mercury_184380,D
NCEOGA_2013_5_39,B
Mercury_SC_409053,D
Mercury_7017885,B
Mercury_7246365,C
Mercury_7239698,C
Mercury_SC_408857,B
NYSEDREGENTS_2012_4_22,B
Mercury_7172865,C
Mercury_SC_415363,B
Mercury_7085418,B
MCAS_8_2015_13,B
AKDE&ED_2008_4_39,D
ACTAAP_2010_7_8,D
Mercury_SC_401648,D
NYSEDREGENTS_2012_8_11,2
Mercury_7216615,D
LEAP_2003_8_10394,A
Mercury_7216090,D
Mercury_405452,A
MCAS_8_2015_8,B
Mercury_SC_401780,D
Mercury_7262850,B
MDSA_2009_4_24,D
Mercury_7004638,B
Mercury_7124355,D
Mercury_SC_416530,C
MCAS_2000_8_36,A
MCAS_2010_5_11995,D
NYSEDREGENTS_2008_4_8,B
Mercury_7103320,D
Mercury_7134803,C
MCAS_2004_9_21,A
Mercury_SC_409038,C
ACTAAP_2014_5_15,A
Mercury_7216860,B
Mercury_415689,A
NCEOGA_2013_5_32,D
Mercury_7082653,C
MCAS_2006_8_21,D
Mercury_SC_LBS11012,D
Mercury_7094465,A
MCAS_2002_5_7,A
NYSEDREGENTS_2008_8_14,4
Mercury_7016695,D
Mercury_SC_407288,B
Mercury_7001453,D
Mercury_404153,A
MCAS_2005_9_11,C
Mercury_SC_405200,D
Mercury_7268783,D
NYSEDREGENTS_2015_4_18,C
Mercury_407129,C
VASoL_2008_3_30,D
Mercury_190803,C
ACTAAP_2007_7_35,B
Mercury_7186130,C
Mercury_SC_400526,A
TIMSS_2003_4_pg13,B
Mercury_7239715,A
Mercury_SC_LBS10269,D
Mercury_SC_406793,A
NCEOGA_2013_5_18,B
Mercury_SC_416521,D
Mercury_7026618,A
Mercury_7228113,B
Mercury_176558,A
Mercury_SC_408424,C
Mercury_7166390,D
NYSEDREGENTS_2010_4_2,B
Mercury_SC_406709,D
Mercury_7218243,C
Mercury_189980,C
Mercury_SC_405074,B
Mercury_406917,B
MCAS_2004_9_6-v1,C
Mercury_SC_408578,D
Mercury_SC_407195,B
Mercury_SC_402054,C
Mercury_7175770,D
Mercury_SC_LBS10267,A
MCAS_2000_8_9,B
Mercury_404101,A
NYSEDREGENTS_2010_4_25,C
Mercury_7092365,B
ACTAAP_2013_5_4,B
TIMSS_2007_8_pg85,B
Mercury_SC_415369,A
Mercury_400332,B
Mercury_178535,C
Mercury_7013370,B
Mercury_7212153,D
MCAS_2003_8_17,D
TIMSS_2003_4_pg20,A
MCAS_2012_8_23654,D
MSA_2015_5_44,A
Mercury_405943,B
MCAS_8_2014_21,D
NYSEDREGENTS_2012_8_43,2
Mercury_SC_405197,A
Mercury_406776,A
Mercury_7263288,D
Mercury_7136483,A
MEA_2013_5_9,A
Mercury_7043908,A
Mercury_SC_401815,A
MEA_2013_5_11,B
Mercury_7166863,C
MEA_2010_8_2,D
LEAP__7_10346,D
LEAP__7_10349,B
CSZ_2005_5_CSZ10247,A
Mercury_7234028,C
Mercury_7018393,A
Mercury_7043680,B
NYSEDREGENTS_2015_4_6,A
NYSEDREGENTS_2015_8_35,1
NYSEDREGENTS_2008_4_23,A
Mercury_7235970,B
Mercury_SC_413146,A
Mercury_7017185,B
Mercury_182700,D
Mercury_7043085,D
LEAP__5_10319,D
NYSEDREGENTS_2012_8_32,1
Mercury_7216790,A
Mercury_7084438,B
Mercury_7213815,C
MCAS_2000_4_23,A
NAEP_2005_4_S12+7,A
Mercury_SC_401163,C
Mercury_7026898,A
MDSA_2011_8_39,D
MCAS_2004_5_16,C
Mercury_7206010,A
Mercury_7138425,D
Mercury_SC_LBS10948,A
Mercury_LBS10577,B
Mercury_7223090,A
Mercury_7014035,D
MCAS_1999_8_36,C
LEAP__5_10309,A
Mercury_7068670,D
Mercury_7160545,B
MDSA_2013_8_7,D
Mercury_7159880,D
Mercury_7075128,A
Mercury_7124093,D
MCAS_2004_9_4,D
Mercury_7123305,B
Mercury_SC_416134,C
Mercury_401646,D
MCAS_2004_8_5,B
Mercury_SC_408426,C
Mercury_7005828,A
Mercury_7197890,D
ACTAAP_2009_7_6,D
Mercury_400752,A
Mercury_7233345,C
Mercury_7154228,A
ACTAAP_2009_5_15,A
Mercury_SC_LBS10042,B
Mercury_406785,A
Mercury_7077648,B
Mercury_LBS10205,B
NYSEDREGENTS_2010_8_18,2
Mercury_SC_LBS10611,B
Mercury_7185710,C
Mercury_188948,B
Mercury_7179865,B
MCAS_2012_5_3,C
Mercury_7159583,A
Mercury_7251003,B
Mercury_7245158,B
ACTAAP_2010_5_12,C
MSA_2015_5_7,B
Mercury_7077578,C
ACTAAP_2007_7_9,A
Mercury_7222898,D
NYSEDREGENTS_2010_8_41,2
TIMSS_2003_4_pg34,B
MEA_2016_8_2,D
AIMS_2008_4_13,C
VASoL_2011_5_1,D
Mercury_7126613,D
Mercury_7161035,B
Mercury_7205468,C
MCAS_2010_8_12020,C
ACTAAP_2007_7_14,C
Mercury_SC_400851,D
Mercury_SC_LBS10344,A
VASoL_2008_5_40,A
Mercury_7239435,A
NYSEDREGENTS_2012_8_16,2
Mercury_SC_402614,A
ACTAAP_2010_5_13,D
Mercury_SC_410877,D
Mercury_7163240,A
Mercury_7145950,A
TIMSS_1995_8_Q16,D
Mercury_SC_400003,C
Mercury_SC_401001,A
NAEP_2009_8_S10+2,C
Mercury_7235848,D
Mercury_SC_402645,B
Mercury_7230125,B
NYSEDREGENTS_2008_8_25,3
TAKS_2009_8_38,B
TIMSS_2011_4_pg42,B
MCAS_2006_9_17,A
Mercury_7012950,B
Mercury_7219783,B
Mercury_7041230,D
Mercury_406786,A
Mercury_7219713,D
Mercury_401659,A
Mercury_7171535,D
Mercury_182403,A
Mercury_7085453,B
Mercury_SC_400195,B
Mercury_192203,D
Mercury_7222635,C
Mercury_SC_400307,B
Mercury_7238910,B
VASoL_2008_5_34,D
Mercury_7217980,A
Mercury_7228533,C
Mercury_405953,B
Mercury_SC_400034,A
MDSA_2011_4_5,A
Mercury_7092330,B
Mercury_SC_400604,B
Mercury_7162575,A
Mercury_407053,C
Mercury_416580,B
MCAS_2007_5_4785,A
Mercury_SC_400035,C
Mercury_412696,C
Mercury_7145215,B
Mercury_7213308,C
Mercury_401762,C
Mercury_405772,A
Mercury_7100643,A
Mercury_7212503,D
Mercury_SC_402254,B
MDSA_2009_8_38,D
Mercury_SC_405504,D
Mercury_7009608,C
Mercury_7041913,B
Mercury_417472,B
Mercury_7248098,D
MCAS_2005_9_3-v1,D
Mercury_401337,C
Mercury_SC_406480,B
TIMSS_2011_8_pg77,A
Mercury_7056473,A
Mercury_7214585,C
Mercury_SC_LBS10591,A
Mercury_7015680,A
LEAP_2002_8_10387,A
Mercury_SC_416131,B
TIMSS_2007_8_pg125,B
Mercury_7016013,C
Mercury_7283465,A
MCAS_2005_8_21,B
ACTAAP_2013_7_14,D
NYSEDREGENTS_2012_4_21,C
Mercury_7270043,C
Mercury_SC_400593,A
Mercury_175280,B
Mercury_SC_400017,D
TIMSS_2003_8_pg44,D
Mercury_SC_401128,C
MEA_2011_8_15,B
Mercury_7009835,A
MDSA_2009_8_37,C
Mercury_7008680,C
CSZ_2004_5_CSZ20156,A
Mercury_7182158,C
Mercury_7163415,C
Mercury_SC_416171,B
Mercury_SC_415335,D
NYSEDREGENTS_2012_4_14,A
Mercury_7217613,C
Mercury_7084088,B
Mercury_7217683,C
Mercury_7064015,C
Mercury_7034895,D
Mercury_SC_LBS10588,C
NYSEDREGENTS_2012_8_40,2
Mercury_SC_406718,C
Mercury_7246313,A
VASoL_2009_3_32,D
Mercury_7221025,A
Mercury_SC_407450,B
Mercury_SC_LBS10620,A
Mercury_SC_400132,D
Mercury_401396,D
Mercury_7098053,A
Mercury_415270,C
Mercury_7213763,C
NAEP_2005_8_S11+3,D
NYSEDREGENTS_2013_8_26,1
Mercury_SC_409576,B
NYSEDREGENTS_2010_4_21,A
Mercury_SC_401613,A
Mercury_404892,C
Mercury_7094605,A
Mercury_SC_408782,C
Mercury_SC_413532,B
VASoL_2010_3_28,D
Mercury_7216580,C
Mercury_7227920,A
Mercury_416502,D
Mercury_7234220,C
Mercury_SC_414130,B
Mercury_7234273,C
MCAS_1998_4_24,C
AKDE&ED_2008_8_5,D
Mercury_SC_400126,D
NYSEDREGENTS_2010_4_26,C
VASoL_2007_5_17,C
MCAS_2005_5_14,D
Mercury_7247100,D
ACTAAP_2010_7_16,D
Mercury_SC_405935,B
NYSEDREGENTS_2008_8_4,3
NYSEDREGENTS_2012_4_4,D
MCAS_2000_4_25,B
Mercury_7252298,C
MEA_2010_8_19,B
MCAS_2006_9_36,C
NYSEDREGENTS_2010_8_32,1
MCAS_2006_9_28,A
Mercury_7128240,C
Mercury_7033635,C
Mercury_405771,A
Mercury_SC_408629,A
Mercury_400806,A
Mercury_7207148,D
Mercury_7205328,C
Mercury_7071663,B
NYSEDREGENTS_2012_4_3,D
Mercury_416686,B
Mercury_7011235,B
Mercury_7090668,C
Mercury_7001628,D
Mercury_407263,C
MEA_2013_5_7,A
TIMSS_2007_4_pg70,D
Mercury_7165043,B
Mercury_7057768,A
Mercury_7227903,B
ACTAAP_2014_5_5,C
Mercury_7026933,D
Mercury_SC_402284,B
Mercury_7183103,A
TIMSS_2007_8_pg63,A
Mercury_7094115,D
Mercury_SC_401221,D
Mercury_SC_401300,B
Mercury_7264040,C
Mercury_SC_409014,B
Mercury_SC_408554,A
Mercury_7267908,A
Mercury_7137270,D
Mercury_SC_401803,D
LEAP_2004_8_10398,A
Mercury_7271723,B
Mercury_SC_406475,B
Mercury_7165795,D
Mercury_7185185,B
ACTAAP_2014_5_6,C
MCAS_2003_5_28,B
Mercury_SC_407701,B
Mercury_401215,C
MEAP_2005_8_15,A
MCAS_2003_8_12,D
Mercury_SC_401257,A
NYSEDREGENTS_2008_8_7,1
MSA_2012_5_1,D
Mercury_407767,A
Mercury_7077525,C
MCAS_2002_8_8,D
NAEP_2000_8_S21+8,A
MCAS_2009_5_6511,D
MCAS_2000_8_34,D
ACTAAP_2007_7_30,C
Mercury_SC_406000,D
Mercury_SC_415699,D
Mercury_SC_402125,A
Mercury_7082478,B
Mercury_7220955,D
VASoL_2007_5_10,B
Mercury_7217875,C
TIMSS_2003_8_pg18,C
VASoL_2009_3_29,C
Mercury_179218,A
Mercury_SC_400192,B
MSA_2012_5_34,C
Mercury_7221463,D
Mercury_7001855,B
Mercury_7083563,B
Mercury_7213483,D
Mercury_7234115,A
Mercury_7221218,D
Mercury_7004008,C
TIMSS_2007_4_pg82,B
Mercury_400715,B
Mercury_7018533,D
ACTAAP_2007_7_33,D
Mercury_7041528,B
MCAS_2002_8_12,C
Mercury_SC_415455,B
MCAS_2006_8_10,A
LEAP__5_10317,B
Mercury_7041563,B
Mercury_417464,D
MCAS_2004_9_7,C
Mercury_7143080,B
TIMSS_2003_8_pg122,C
TIMSS_2011_8_pg66,A
Mercury_7201758,C
MDSA_2012_8_35,D
MCAS_2005_9_16,D
Mercury_7267855,B
Mercury_7037363,B
Mercury_406955,B
NYSEDREGENTS_2012_8_12,1
MCAS_2013_8_29434,B
VASoL_2009_3_7,A
Mercury_SC_407444,D
Mercury_7001348,A
Mercury_417569,D
Mercury_7115098,A
Mercury_7094815,B
Mercury_7236058,B
Mercury_7162488,D
Mercury_SC_401602,A
MCAS_2010_8_12013,D
Mercury_SC_415478,C
Mercury_179113,C
Mercury_SC_415001,D
Mercury_LBS10254,A
NYSEDREGENTS_2010_4_27,D
Mercury_7142958,C
NYSEDREGENTS_2012_4_6,C
NYSEDREGENTS_2010_4_3,D
Mercury_SC_408703,D
Mercury_7128188,D
Mercury_SC_400177,A
MEA_2014_8_7,C
Mercury_7037380,D
Mercury_7217718,C
Mercury_7110303,A
Mercury_7122850,C
LEAP_2009_8_10429,A
MCAS_2004_8_25,A
MCAS_2004_5_25,D
MCAS_1999_8_10,C
Mercury_7075110,B
TIMSS_2003_4_pg21,C
NCEOGA_2013_8_16,D
NCEOGA_2013_8_48,A
VASoL_2009_5_18,A
Mercury_416468,A
Mercury_7032848,C
NYSEDREGENTS_2015_8_22,4
Mercury_SC_402112,A
Mercury_412701,B
Mercury_7092208,C
ACTAAP_2011_5_6,C
VASoL_2007_3_30,A
Mercury_SC_401288,D
Mercury_SC_400702,B
Mercury_7182963,B
Mercury_SC_415773,A
NYSEDREGENTS_2012_8_14,1
MEA_2011_8_16,B
Mercury_SC_402075,D
Mercury_7270533,B
Mercury_402091,D
Mercury_417470,A
Mercury_7200060,C
Mercury_SC_416107,D
MCAS_2004_9_5-v1,A
MCAS_2000_4_31,D
ACTAAP_2013_5_13,A
Mercury_7268205,C
NYSEDREGENTS_2010_4_20,B
Mercury_7270130,A
TAKS_2009_8_11,A
MCAS_2010_5_11988,A
Mercury_416504,C
Mercury_SC_402082,A
Mercury_7223265,C
MEA_2014_5_8,A
Mercury_400396,A
LEAP_2012_8_10440,C
TAKS_2009_5_28,A
OHAT_2009_5_1,B
MCAS_2000_8_3,D
VASoL_2011_5_38,A
Mercury_7038465,C
NYSEDREGENTS_2008_8_29,2
Mercury_7013825,C
Mercury_7274313,C
Mercury_7098543,B
Mercury_SC_400854,D
MCAS_2004_5_21,A
Mercury_SC_403014,C
Mercury_7205923,C
AKDE&ED_2012_8_4,B
Mercury_7228200,C
MCAS_2005_5_22,B
Mercury_SC_400186,D
MDSA_2007_8_25,C
Mercury_184240,B
MCAS_2012_8_23644,C
Mercury_7109428,B
MCAS_2011_8_17698,B
Mercury_SC_407164,D
Mercury_7038500,D
Mercury_7080605,C
Mercury_417568,D
Mercury_7214620,C
Mercury_7176103,A
Mercury_SC_415767,D
Mercury_7034825,B
NYSEDREGENTS_2010_8_17,4
Mercury_405140,C
TIMSS_1995_8_M10,A
VASoL_2009_5_12,C
Mercury_7163328,A
Mercury_190190,D
Mercury_400099,C
VASoL_2007_3_18,A
Mercury_7004498,A
Mercury_400608,B
VASoL_2009_5_17,B
Mercury_SC_413302,D
NYSEDREGENTS_2015_4_27,B
Mercury_7212048,A
MCAS_2002_8_7,D
Mercury_412148,A
NCEOGA_2013_5_52,B
Mercury_SC_400164,D
NYSEDREGENTS_2012_4_11,D
Mercury_SC_406626,C
Mercury_SC_409143,C
Mercury_7006108,D
TIMSS_2007_8_pg77,D
Mercury_7082075,C
Mercury_7068985,C
NYSEDREGENTS_2010_8_39,1
Mercury_402286,D
Mercury_SC_407170,C
NYSEDREGENTS_2010_4_17,D
Mercury_SC_401276,A
Mercury_7219520,A
Mercury_7008820,A
Mercury_SC_416175,D
Mercury_7041545,B
Mercury_7007438,D
Mercury_7007788,D
Mercury_SC_401787,D
Mercury_7165200,D
Mercury_416355,D
Mercury_7252403,A
Mercury_7271215,A
TIMSS_1995_8_I14,D
Mercury_SC_407065,A
Mercury_402560,A
Mercury_SC_404974,D
Mercury_7001715,D
AIMS_2009_8_26,C
CSZ30499,B
Mercury_416369,A
Mercury_400758,A
Mercury_7264163,B
Mercury_7032148,A
Mercury_7187250,C
Mercury_SC_416164,D
Mercury_416378,A
Mercury_401603,B
Mercury_SC_408709,D
MCAS_2005_8_27,A
Mercury_7009713,C
MCAS_2010_5_13,B
Mercury_7248255,A
Mercury_7185255,C
Mercury_SC_406653,B
Mercury_7193690,A
Mercury_SC_405495,A
MCAS_1999_4_25,B
ACTAAP_2009_7_12,A
Mercury_7083458,B
Mercury_7030450,B
TIMSS_2003_8_pg101,C
Mercury_7057960,A
VASoL_2009_5_34,A
NYSEDREGENTS_2008_4_6,A
WASL_2003_5_8,A
TIMSS_2003_4_pg35,A
NYSEDREGENTS_2013_4_26,A
WASL_2005_5_10,A
TIMSS_1995_8_L3,A
TIMSS_1995_8_P4,A
NYSEDREGENTS_2010_4_23,A
NYSEDREGENTS_2010_4_15,A
NYSEDREGENTS_2010_4_19,A
TIMSS_2003_8_pg19,A
